Número de Encuesta,Bebida Favorita,Comida Favorita,Postre Favorito,Frecuencia de Consumo
1,Pozol,Gordita,Turrón,Diario
2,Coca-Cola,Quesadilla,Turrón,Semanal
3,Coca-Cola,Gordita,Nuegado,Rara vez
4,Pozol,Quesadilla,Turrón,Rara vez
5,Pozol,Taco,Nuegado,Rara vez
6,Coca-Cola,Gordita,Turrón,Rara vez
7,Coca-Cola,Quesadilla,Turrón,Semanal
8,Coca-Cola,Taco,Nuegado,Diario
9,Pozol,Gordita,Nuegado,Mensual
10,Pozol,Empanada,Turrón,Diario
11,Pozol,Empanada,Turrón,Mensual
12,Coca-Cola,Gordita,Turrón,Semanal
13,Coca-Cola,Quesadilla,Nuegado,Diario
14,Pozol,Empanada,Nuegado,Semanal
15,Pozol,Gordita,Turrón,Diario
16,Coca-Cola,Empanada,Nuegado,Diario
17,Pozol,Gordita,Turrón,Rara vez
18,Coca-Cola,Empanada,Turrón,Semanal
19,Pozol,Gordita,Nuegado,Rara vez
20,Pozol,Gordita,Turrón,Diario
21,Coca-Cola,Gordita,Turrón,Mensual
22,Pozol,Taco,Nuegado,Rara vez
23,Pozol,Quesadilla,Nuegado,Semanal
24,Pozol,Taco,Turrón,Diario
25,Pozol,Taco,Turrón,Mensual
26,Pozol,Empanada,Nuegado,Mensual
27,Coca-Cola,Empanada,Nuegado,Diario
28,Coca-Cola,Empanada,Nuegado,Semanal
29,Pozol,Gordita,Turrón,Mensual
30,Pozol,Quesadilla,Nuegado,Rara vez
31,Pozol,Gordita,Nuegado,Diario
32,Coca-Cola,Taco,Nuegado,Rara vez
33,Pozol,Gordita,Turrón,Mensual
34,Pozol,Gordita,Turrón,Diario
35,Coca-Cola,Quesadilla,Turrón,Diario
36,Coca-Cola,Empanada,Turrón,Rara vez
37,Coca-Cola,Empanada,Turrón,Rara vez
38,Coca-Cola,Empanada,Turrón,Rara vez
39,Coca-Cola,Gordita,Turrón,Mensual
40,Pozol,Gordita,Turrón,Mensual
41,Pozol,Taco,Turrón,Semanal
42,Coca-Cola,Gordita,Nuegado,Diario
43,Pozol,Taco,Nuegado,Semanal
44,Pozol,Gordita,Turrón,Rara vez
45,Coca-Cola,Gordita,Nuegado,Diario
46,Pozol,Quesadilla,Nuegado,Diario
47,Pozol,Quesadilla,Nuegado,Mensual
48,Pozol,Empanada,Turrón,Diario
49,Coca-Cola,Gordita,Nuegado,Rara vez
50,Pozol,Empanada,Nuegado,Semanal
51,Pozol,Quesadilla,Nuegado,Diario
52,Coca-Cola,Empanada,Turrón,Rara vez
53,Coca-Cola,Quesadilla,Nuegado,Rara vez
54,Coca-Cola,Quesadilla,Nuegado,Rara vez
55,Coca-Cola,Quesadilla,Turrón,Semanal
56,Coca-Cola,Taco,Turrón,Semanal
57,Pozol,Gordita,Nuegado,Rara vez
58,Pozol,Gordita,Nuegado,Diario
59,Coca-Cola,Quesadilla,Turrón,Diario
60,Coca-Cola,Quesadilla,Nuegado,Diario
61,Coca-Cola,Gordita,Nuegado,Diario
62,Coca-Cola,Taco,Nuegado,Diario
63,Coca-Cola,Quesadilla,Nuegado,Rara vez
64,Pozol,Gordita,Nuegado,Mensual
65,Pozol,Taco,Nuegado,Mensual
66,Coca-Cola,Gordita,Nuegado,Mensual
67,Coca-Cola,Empanada,Turrón,Diario
68,Pozol,Empanada,Turrón,Diario
69,Coca-Cola,Taco,Nuegado,Diario
70,Coca-Cola,Taco,Turrón,Diario
71,Coca-Cola,Quesadilla,Turrón,Semanal
72,Pozol,Quesadilla,Turrón,Diario
73,Pozol,Gordita,Nuegado,Semanal
74,Pozol,Gordita,Nuegado,Mensual
75,Coca-Cola,Taco,Turrón,Rara vez
76,Pozol,Gordita,Turrón,Rara vez
77,Pozol,Gordita,Turrón,Rara vez
78,Coca-Cola,Empanada,Nuegado,Mensual
79,Coca-Cola,Taco,Turrón,Mensual
80,Coca-Cola,Gordita,Turrón,Semanal
81,Pozol,Taco,Turrón,Mensual
82,Coca-Cola,Gordita,Turrón,Diario
83,Coca-Cola,Empanada,Turrón,Semanal
84,Coca-Cola,Taco,Nuegado,Mensual
85,Pozol,Empanada,Nuegado,Semanal
86,Coca-Cola,Empanada,Turrón,Diario
87,Pozol,Taco,Nuegado,Mensual
88,Coca-Cola,Quesadilla,Turrón,Mensual
89,Coca-Cola,Quesadilla,Turrón,Mensual
90,Pozol,Gordita,Nuegado,Mensual
91,Pozol,Quesadilla,Turrón,Semanal
92,Pozol,Quesadilla,Turrón,Rara vez
93,Coca-Cola,Empanada,Turrón,Rara vez
94,Pozol,Gordita,Turrón,Semanal
95,Coca-Cola,Quesadilla,Nuegado,Diario
96,Pozol,Empanada,Turrón,Diario
97,Pozol,Gordita,Turrón,Diario
98,Coca-Cola,Gordita,Nuegado,Diario
99,Coca-Cola,Empanada,Nuegado,Rara vez
100,Pozol,Quesadilla,Turrón,Rara vez
101,Pozol,Taco,Nuegado,Rara vez
102,Coca-Cola,Gordita,Nuegado,Mensual
103,Pozol,Quesadilla,Turrón,Rara vez
104,Pozol,Gordita,Nuegado,Diario
105,Coca-Cola,Gordita,Turrón,Diario
106,Pozol,Empanada,Turrón,Mensual
107,Coca-Cola,Quesadilla,Turrón,Mensual
108,Coca-Cola,Taco,Nuegado,Rara vez
109,Coca-Cola,Gordita,Turrón,Rara vez
110,Pozol,Gordita,Turrón,Rara vez
111,Coca-Cola,Quesadilla,Nuegado,Mensual
112,Coca-Cola,Empanada,Nuegado,Mensual
113,Coca-Cola,Taco,Turrón,Diario
114,Coca-Cola,Quesadilla,Turrón,Diario
115,Pozol,Quesadilla,Nuegado,Rara vez
116,Pozol,Quesadilla,Nuegado,Rara vez
117,Coca-Cola,Empanada,Nuegado,Mensual
118,Coca-Cola,Quesadilla,Nuegado,Mensual
119,Pozol,Quesadilla,Turrón,Mensual
120,Pozol,Empanada,Turrón,Rara vez
121,Pozol,Empanada,Nuegado,Mensual
122,Pozol,Gordita,Nuegado,Mensual
123,Pozol,Gordita,Nuegado,Semanal
124,Coca-Cola,Gordita,Turrón,Rara vez
125,Pozol,Empanada,Turrón,Diario
126,Coca-Cola,Taco,Turrón,Diario
127,Coca-Cola,Quesadilla,Turrón,Diario
128,Pozol,Empanada,Nuegado,Diario
129,Coca-Cola,Gordita,Nuegado,Semanal
130,Pozol,Taco,Turrón,Mensual
131,Pozol,Quesadilla,Nuegado,Diario
132,Pozol,Empanada,Nuegado,Rara vez
133,Coca-Cola,Quesadilla,Turrón,Diario
134,Coca-Cola,Taco,Turrón,Mensual
135,Coca-Cola,Empanada,Nuegado,Rara vez
136,Coca-Cola,Taco,Turrón,Rara vez
137,Pozol,Quesadilla,Turrón,Semanal
138,Pozol,Quesadilla,Turrón,Diario
139,Coca-Cola,Quesadilla,Nuegado,Diario
140,Coca-Cola,Gordita,Turrón,Mensual
141,Pozol,Quesadilla,Turrón,Semanal
142,Coca-Cola,Quesadilla,Turrón,Rara vez
143,Coca-Cola,Taco,Turrón,Diario
144,Pozol,Quesadilla,Nuegado,Diario
145,Coca-Cola,Empanada,Nuegado,Rara vez
146,Pozol,Empanada,Turrón,Mensual
147,Coca-Cola,Quesadilla,Turrón,Mensual
148,Coca-Cola,Taco,Nuegado,Semanal
149,Coca-Cola,Quesadilla,Turrón,Semanal
150,Coca-Cola,Empanada,Nuegado,Rara vez
151,Pozol,Quesadilla,Nuegado,Rara vez
152,Pozol,Taco,Nuegado,Mensual
153,Pozol,Empanada,Nuegado,Semanal
154,Pozol,Empanada,Turrón,Semanal
155,Pozol,Taco,Nuegado,Semanal
156,Coca-Cola,Empanada,Nuegado,Mensual
157,Pozol,Quesadilla,Turrón,Mensual
158,Pozol,Quesadilla,Turrón,Semanal
159,Pozol,Gordita,Turrón,Diario
160,Coca-Cola,Taco,Turrón,Semanal
161,Pozol,Quesadilla,Turrón,Diario
162,Pozol,Taco,Nuegado,Rara vez
163,Coca-Cola,Gordita,Nuegado,Rara vez
164,Pozol,Gordita,Nuegado,Diario
165,Coca-Cola,Quesadilla,Turrón,Rara vez
166,Coca-Cola,Empanada,Nuegado,Semanal
167,Coca-Cola,Taco,Turrón,Mensual
168,Coca-Cola,Taco,Nuegado,Semanal
169,Pozol,Quesadilla,Nuegado,Diario
170,Coca-Cola,Taco,Nuegado,Mensual
171,Pozol,Gordita,Nuegado,Diario
172,Coca-Cola,Quesadilla,Nuegado,Diario
173,Pozol,Gordita,Turrón,Diario
174,Pozol,Taco,Turrón,Semanal
175,Coca-Cola,Gordita,Turrón,Semanal
176,Pozol,Gordita,Nuegado,Diario
177,Pozol,Empanada,Nuegado,Rara vez
178,Coca-Cola,Taco,Nuegado,Semanal
179,Coca-Cola,Quesadilla,Nuegado,Diario
180,Coca-Cola,Gordita,Turrón,Diario
181,Coca-Cola,Empanada,Nuegado,Mensual
182,Coca-Cola,Taco,Nuegado,Diario
183,Coca-Cola,Taco,Turrón,Diario
184,Pozol,Quesadilla,Nuegado,Rara vez
185,Pozol,Taco,Turrón,Diario
186,Pozol,Quesadilla,Turrón,Diario
187,Coca-Cola,Empanada,Nuegado,Semanal
188,Coca-Cola,Quesadilla,Turrón,Semanal
189,Coca-Cola,Empanada,Turrón,Diario
190,Coca-Cola,Taco,Turrón,Rara vez
191,Pozol,Quesadilla,Turrón,Mensual
192,Coca-Cola,Quesadilla,Turrón,Rara vez
193,Pozol,Quesadilla,Nuegado,Mensual
194,Pozol,Quesadilla,Nuegado,Rara vez
195,Coca-Cola,Empanada,Nuegado,Mensual
196,Coca-Cola,Quesadilla,Nuegado,Semanal
197,Pozol,Quesadilla,Nuegado,Semanal
198,Pozol,Quesadilla,Nuegado,Semanal
199,Pozol,Empanada,Turrón,Mensual
200,Coca-Cola,Quesadilla,Nuegado,Diario
201,Pozol,Taco,Turrón,Diario
202,Pozol,Taco,Turrón,Semanal
203,Pozol,Taco,Nuegado,Mensual
204,Coca-Cola,Taco,Turrón,Semanal
205,Coca-Cola,Gordita,Nuegado,Semanal
206,Pozol,Taco,Turrón,Mensual
207,Pozol,Empanada,Nuegado,Semanal
208,Coca-Cola,Quesadilla,Nuegado,Semanal
209,Pozol,Gordita,Nuegado,Mensual
210,Coca-Cola,Empanada,Nuegado,Semanal
211,Coca-Cola,Quesadilla,Nuegado,Diario
212,Pozol,Taco,Turrón,Mensual
213,Pozol,Empanada,Turrón,Diario
214,Pozol,Empanada,Nuegado,Semanal
215,Pozol,Gordita,Turrón,Diario
216,Coca-Cola,Quesadilla,Turrón,Mensual
217,Coca-Cola,Gordita,Turrón,Mensual
218,Coca-Cola,Empanada,Nuegado,Diario
219,Pozol,Empanada,Turrón,Diario
220,Coca-Cola,Gordita,Nuegado,Mensual
221,Coca-Cola,Quesadilla,Nuegado,Rara vez
222,Pozol,Empanada,Nuegado,Rara vez
223,Coca-Cola,Taco,Turrón,Mensual
224,Coca-Cola,Empanada,Turrón,Mensual
225,Pozol,Empanada,Turrón,Semanal
226,Coca-Cola,Gordita,Nuegado,Semanal
227,Pozol,Taco,Turrón,Semanal
228,Pozol,Quesadilla,Turrón,Semanal
229,Coca-Cola,Quesadilla,Nuegado,Rara vez
230,Pozol,Taco,Nuegado,Mensual
231,Coca-Cola,Quesadilla,Nuegado,Semanal
232,Pozol,Quesadilla,Turrón,Mensual
233,Coca-Cola,Empanada,Turrón,Mensual
234,Pozol,Empanada,Nuegado,Semanal
235,Pozol,Gordita,Turrón,Rara vez
236,Coca-Cola,Gordita,Nuegado,Semanal
237,Coca-Cola,Gordita,Turrón,Diario
238,Coca-Cola,Quesadilla,Turrón,Mensual
239,Coca-Cola,Taco,Nuegado,Semanal
240,Coca-Cola,Quesadilla,Turrón,Diario
241,Coca-Cola,Taco,Nuegado,Semanal
242,Coca-Cola,Gordita,Turrón,Semanal
243,Coca-Cola,Empanada,Nuegado,Diario
244,Coca-Cola,Gordita,Nuegado,Diario
245,Coca-Cola,Taco,Nuegado,Diario
246,Coca-Cola,Taco,Turrón,Diario
247,Coca-Cola,Gordita,Nuegado,Mensual
248,Coca-Cola,Gordita,Turrón,Semanal
249,Pozol,Taco,Nuegado,Diario
250,Coca-Cola,Taco,Nuegado,Mensual
251,Coca-Cola,Gordita,Nuegado,Mensual
252,Coca-Cola,Gordita,Nuegado,Mensual
253,Coca-Cola,Quesadilla,Nuegado,Semanal
254,Coca-Cola,Taco,Nuegado,Diario
255,Coca-Cola,Quesadilla,Nuegado,Rara vez
256,Coca-Cola,Taco,Nuegado,Rara vez
257,Pozol,Empanada,Nuegado,Diario
258,Pozol,Gordita,Nuegado,Rara vez
259,Coca-Cola,Gordita,Turrón,Mensual
260,Coca-Cola,Quesadilla,Nuegado,Rara vez
261,Pozol,Quesadilla,Turrón,Mensual
262,Pozol,Quesadilla,Nuegado,Mensual
263,Pozol,Taco,Nuegado,Mensual
264,Pozol,Quesadilla,Turrón,Mensual
265,Coca-Cola,Quesadilla,Turrón,Diario
266,Coca-Cola,Empanada,Nuegado,Semanal
267,Coca-Cola,Taco,Turrón,Semanal
268,Coca-Cola,Quesadilla,Turrón,Rara vez
269,Coca-Cola,Empanada,Turrón,Diario
270,Pozol,Taco,Turrón,Diario
271,Coca-Cola,Empanada,Turrón,Mensual
272,Coca-Cola,Taco,Nuegado,Semanal
273,Pozol,Taco,Nuegado,Semanal
274,Coca-Cola,Empanada,Nuegado,Mensual
275,Coca-Cola,Gordita,Turrón,Semanal
276,Pozol,Quesadilla,Turrón,Diario
277,Coca-Cola,Taco,Turrón,Rara vez
278,Pozol,Taco,Nuegado,Mensual
279,Pozol,Taco,Turrón,Mensual
280,Pozol,Gordita,Nuegado,Rara vez
281,Coca-Cola,Empanada,Turrón,Semanal
282,Pozol,Quesadilla,Turrón,Diario
283,Coca-Cola,Gordita,Nuegado,Rara vez
284,Pozol,Gordita,Turrón,Rara vez
285,Pozol,Quesadilla,Nuegado,Mensual
286,Coca-Cola,Quesadilla,Turrón,Diario
287,Pozol,Gordita,Turrón,Rara vez
288,Coca-Cola,Taco,Nuegado,Mensual
289,Coca-Cola,Gordita,Nuegado,Rara vez
290,Coca-Cola,Gordita,Nuegado,Semanal
291,Coca-Cola,Taco,Nuegado,Semanal
292,Pozol,Empanada,Nuegado,Diario
293,Coca-Cola,Taco,Nuegado,Rara vez
294,Pozol,Taco,Nuegado,Semanal
295,Pozol,Taco,Nuegado,Rara vez
296,Coca-Cola,Quesadilla,Turrón,Mensual
297,Pozol,Gordita,Nuegado,Rara vez
298,Pozol,Taco,Turrón,Mensual
299,Coca-Cola,Quesadilla,Nuegado,Semanal
300,Coca-Cola,Empanada,Turrón,Rara vez
301,Pozol,Gordita,Nuegado,Diario
302,Coca-Cola,Quesadilla,Nuegado,Rara vez
303,Coca-Cola,Quesadilla,Turrón,Rara vez
304,Coca-Cola,Taco,Nuegado,Diario
305,Pozol,Empanada,Nuegado,Mensual
306,Coca-Cola,Gordita,Nuegado,Semanal
307,Coca-Cola,Taco,Nuegado,Diario
308,Coca-Cola,Empanada,Nuegado,Rara vez
309,Coca-Cola,Empanada,Turrón,Diario
310,Pozol,Quesadilla,Nuegado,Diario
311,Coca-Cola,Quesadilla,Turrón,Mensual
312,Coca-Cola,Empanada,Turrón,Semanal
313,Coca-Cola,Quesadilla,Turrón,Diario
314,Pozol,Quesadilla,Turrón,Mensual
315,Coca-Cola,Empanada,Nuegado,Rara vez
316,Pozol,Empanada,Turrón,Rara vez
317,Pozol,Taco,Nuegado,Rara vez
318,Coca-Cola,Quesadilla,Turrón,Diario
319,Pozol,Taco,Turrón,Diario
320,Coca-Cola,Taco,Nuegado,Diario
321,Coca-Cola,Gordita,Nuegado,Mensual
322,Coca-Cola,Taco,Nuegado,Semanal
323,Coca-Cola,Empanada,Turrón,Rara vez
324,Pozol,Quesadilla,Turrón,Diario
325,Pozol,Gordita,Nuegado,Mensual
326,Pozol,Quesadilla,Nuegado,Mensual
327,Pozol,Quesadilla,Nuegado,Rara vez
328,Coca-Cola,Quesadilla,Turrón,Semanal
329,Pozol,Quesadilla,Turrón,Rara vez
330,Pozol,Taco,Nuegado,Mensual
331,Coca-Cola,Gordita,Turrón,Rara vez
332,Pozol,Taco,Turrón,Mensual
333,Pozol,Empanada,Turrón,Mensual
334,Coca-Cola,Gordita,Nuegado,Semanal
335,Coca-Cola,Taco,Turrón,Semanal
336,Coca-Cola,Quesadilla,Turrón,Rara vez
337,Coca-Cola,Taco,Nuegado,Mensual
338,Pozol,Empanada,Nuegado,Semanal
339,Coca-Cola,Quesadilla,Turrón,Diario
340,Pozol,Taco,Nuegado,Diario
341,Pozol,Taco,Turrón,Rara vez
342,Coca-Cola,Gordita,Nuegado,Semanal
343,Pozol,Taco,Nuegado,Diario
344,Pozol,Taco,Nuegado,Rara vez
345,Coca-Cola,Taco,Nuegado,Mensual
346,Pozol,Taco,Turrón,Rara vez
347,Pozol,Empanada,Nuegado,Mensual
348,Coca-Cola,Gordita,Nuegado,Diario
349,Coca-Cola,Gordita,Nuegado,Mensual
350,Pozol,Gordita,Turrón,Semanal
351,Pozol,Gordita,Nuegado,Diario
352,Pozol,Gordita,Nuegado,Mensual
353,Pozol,Taco,Nuegado,Diario
354,Pozol,Gordita,Turrón,Rara vez
355,Coca-Cola,Taco,Turrón,Diario
356,Coca-Cola,Quesadilla,Nuegado,Diario
357,Pozol,Gordita,Nuegado,Diario
358,Pozol,Empanada,Turrón,Mensual
359,Pozol,Quesadilla,Nuegado,Diario
360,Coca-Cola,Gordita,Turrón,Semanal
361,Coca-Cola,Taco,Nuegado,Diario
362,Coca-Cola,Taco,Nuegado,Rara vez
363,Pozol,Empanada,Nuegado,Diario
364,Pozol,Empanada,Turrón,Semanal
365,Coca-Cola,Empanada,Nuegado,Diario
366,Pozol,Quesadilla,Nuegado,Rara vez
367,Pozol,Empanada,Turrón,Diario
368,Pozol,Empanada,Nuegado,Semanal
369,Coca-Cola,Quesadilla,Turrón,Semanal
370,Pozol,Empanada,Nuegado,Rara vez
371,Pozol,Quesadilla,Turrón,Semanal
372,Pozol,Taco,Nuegado,Mensual
373,Pozol,Taco,Turrón,Rara vez
374,Coca-Cola,Gordita,Nuegado,Rara vez
375,Pozol,Quesadilla,Nuegado,Rara vez
376,Coca-Cola,Empanada,Nuegado,Diario
377,Pozol,Empanada,Nuegado,Rara vez
378,Coca-Cola,Quesadilla,Turrón,Rara vez
379,Pozol,Quesadilla,Nuegado,Rara vez
380,Pozol,Quesadilla,Nuegado,Rara vez
381,Coca-Cola,Taco,Turrón,Diario
382,Pozol,Taco,Turrón,Semanal
383,Coca-Cola,Gordita,Turrón,Semanal
384,Coca-Cola,Gordita,Nuegado,Semanal
385,Pozol,Empanada,Turrón,Semanal
386,Coca-Cola,Empanada,Turrón,Semanal
387,Coca-Cola,Gordita,Turrón,Diario
388,Pozol,Empanada,Nuegado,Semanal
389,Coca-Cola,Empanada,Turrón,Semanal
390,Pozol,Empanada,Turrón,Semanal
391,Coca-Cola,Quesadilla,Turrón,Mensual
392,Coca-Cola,Empanada,Turrón,Mensual
393,Coca-Cola,Taco,Turrón,Semanal
394,Pozol,Empanada,Turrón,Semanal
395,Pozol,Gordita,Nuegado,Mensual
396,Coca-Cola,Taco,Nuegado,Diario
397,Coca-Cola,Gordita,Nuegado,Mensual
398,Coca-Cola,Quesadilla,Nuegado,Semanal
399,Pozol,Empanada,Nuegado,Semanal
400,Pozol,Taco,Turrón,Rara vez
401,Pozol,Quesadilla,Nuegado,Semanal
402,Coca-Cola,Quesadilla,Nuegado,Semanal
403,Pozol,Quesadilla,Turrón,Diario
404,Coca-Cola,Quesadilla,Nuegado,Rara vez
405,Pozol,Empanada,Nuegado,Diario
406,Coca-Cola,Empanada,Nuegado,Mensual
407,Coca-Cola,Taco,Turrón,Mensual
408,Coca-Cola,Gordita,Turrón,Semanal
409,Pozol,Empanada,Nuegado,Mensual
410,Coca-Cola,Gordita,Nuegado,Diario
411,Pozol,Quesadilla,Turrón,Rara vez
412,Coca-Cola,Quesadilla,Nuegado,Mensual
413,Pozol,Gordita,Nuegado,Semanal
414,Coca-Cola,Gordita,Turrón,Mensual
415,Pozol,Empanada,Nuegado,Rara vez
416,Coca-Cola,Gordita,Nuegado,Mensual
417,Pozol,Empanada,Turrón,Diario
418,Coca-Cola,Empanada,Nuegado,Diario
419,Pozol,Empanada,Turrón,Rara vez
420,Pozol,Empanada,Turrón,Rara vez
421,Coca-Cola,Quesadilla,Nuegado,Mensual
422,Coca-Cola,Taco,Nuegado,Semanal
423,Pozol,Empanada,Turrón,Diario
424,Coca-Cola,Quesadilla,Nuegado,Mensual
425,Pozol,Empanada,Turrón,Semanal
426,Coca-Cola,Taco,Turrón,Mensual
427,Coca-Cola,Empanada,Turrón,Semanal
428,Coca-Cola,Quesadilla,Nuegado,Diario
429,Pozol,Quesadilla,Nuegado,Rara vez
430,Pozol,Taco,Nuegado,Rara vez
431,Pozol,Gordita,Nuegado,Semanal
432,Coca-Cola,Gordita,Turrón,Semanal
433,Coca-Cola,Quesadilla,Turrón,Rara vez
434,Pozol,Gordita,Nuegado,Diario
435,Coca-Cola,Taco,Nuegado,Diario
436,Coca-Cola,Empanada,Nuegado,Mensual
437,Pozol,Gordita,Turrón,Semanal
438,Pozol,Taco,Turrón,Mensual
439,Pozol,Taco,Turrón,Rara vez
440,Pozol,Gordita,Nuegado,Mensual
441,Coca-Cola,Gordita,Nuegado,Rara vez
442,Pozol,Taco,Nuegado,Rara vez
443,Coca-Cola,Empanada,Nuegado,Semanal
444,Coca-Cola,Gordita,Turrón,Mensual
445,Pozol,Quesadilla,Nuegado,Diario
446,Coca-Cola,Taco,Nuegado,Semanal
447,Coca-Cola,Quesadilla,Nuegado,Rara vez
448,Pozol,Gordita,Nuegado,Mensual
449,Pozol,Gordita,Nuegado,Mensual
450,Pozol,Gordita,Nuegado,Mensual
451,Pozol,Taco,Turrón,Diario
452,Coca-Cola,Quesadilla,Turrón,Rara vez
453,Coca-Cola,Gordita,Turrón,Rara vez
454,Pozol,Gordita,Nuegado,Rara vez
455,Pozol,Quesadilla,Nuegado,Semanal
456,Pozol,Empanada,Nuegado,Diario
457,Coca-Cola,Gordita,Nuegado,Rara vez
458,Coca-Cola,Quesadilla,Turrón,Diario
459,Pozol,Taco,Nuegado,Mensual
460,Pozol,Taco,Turrón,Rara vez
461,Coca-Cola,Gordita,Turrón,Semanal
462,Pozol,Gordita,Nuegado,Diario
463,Pozol,Quesadilla,Nuegado,Rara vez
464,Pozol,Taco,Nuegado,Rara vez
465,Pozol,Gordita,Nuegado,Diario
466,Coca-Cola,Taco,Turrón,Mensual
467,Pozol,Gordita,Turrón,Semanal
468,Pozol,Taco,Nuegado,Diario
469,Coca-Cola,Quesadilla,Nuegado,Diario
470,Coca-Cola,Gordita,Nuegado,Mensual
471,Coca-Cola,Empanada,Nuegado,Diario
472,Coca-Cola,Quesadilla,Turrón,Diario
473,Coca-Cola,Empanada,Turrón,Mensual
474,Coca-Cola,Quesadilla,Turrón,Diario
475,Coca-Cola,Gordita,Turrón,Rara vez
476,Coca-Cola,Gordita,Turrón,Rara vez
477,Pozol,Empanada,Turrón,Mensual
478,Coca-Cola,Empanada,Nuegado,Mensual
479,Coca-Cola,Quesadilla,Nuegado,Semanal
480,Coca-Cola,Empanada,Nuegado,Rara vez
481,Pozol,Taco,Nuegado,Rara vez
482,Coca-Cola,Taco,Turrón,Diario
483,Coca-Cola,Taco,Turrón,Semanal
484,Coca-Cola,Empanada,Turrón,Mensual
485,Coca-Cola,Quesadilla,Turrón,Mensual
486,Coca-Cola,Taco,Nuegado,Mensual
487,Coca-Cola,Taco,Turrón,Diario
488,Coca-Cola,Taco,Nuegado,Semanal
489,Pozol,Taco,Nuegado,Rara vez
490,Pozol,Gordita,Turrón,Rara vez
491,Pozol,Empanada,Turrón,Rara vez
492,Pozol,Quesadilla,Turrón,Diario
493,Coca-Cola,Taco,Turrón,Rara vez
494,Pozol,Empanada,Nuegado,Rara vez
495,Pozol,Gordita,Turrón,Mensual
496,Coca-Cola,Gordita,Turrón,Rara vez
497,Pozol,Quesadilla,Nuegado,Semanal
498,Pozol,Quesadilla,Turrón,Rara vez
499,Pozol,Taco,Turrón,Rara vez
500,Pozol,Empanada,Turrón,Diario
501,Coca-Cola,Quesadilla,Turrón,Diario
502,Pozol,Empanada,Nuegado,Rara vez
503,Pozol,Gordita,Turrón,Mensual
504,Coca-Cola,Gordita,Turrón,Diario
505,Pozol,Gordita,Nuegado,Rara vez
506,Coca-Cola,Empanada,Nuegado,Diario
507,Pozol,Quesadilla,Turrón,Rara vez
508,Pozol,Empanada,Turrón,Mensual
509,Pozol,Taco,Nuegado,Mensual
510,Pozol,Taco,Turrón,Mensual
511,Pozol,Gordita,Turrón,Semanal
512,Pozol,Gordita,Nuegado,Mensual
513,Coca-Cola,Quesadilla,Turrón,Diario
514,Pozol,Taco,Turrón,Rara vez
515,Coca-Cola,Taco,Nuegado,Mensual
516,Pozol,Gordita,Turrón,Semanal
517,Coca-Cola,Gordita,Turrón,Semanal
518,Coca-Cola,Gordita,Turrón,Diario
519,Coca-Cola,Taco,Nuegado,Semanal
520,Coca-Cola,Gordita,Nuegado,Rara vez
521,Coca-Cola,Gordita,Nuegado,Semanal
522,Pozol,Taco,Turrón,Semanal
523,Pozol,Taco,Turrón,Rara vez
524,Coca-Cola,Empanada,Nuegado,Rara vez
525,Pozol,Taco,Turrón,Rara vez
526,Coca-Cola,Empanada,Turrón,Rara vez
527,Pozol,Empanada,Turrón,Diario
528,Coca-Cola,Taco,Nuegado,Rara vez
529,Pozol,Gordita,Nuegado,Diario
530,Pozol,Empanada,Nuegado,Semanal
531,Coca-Cola,Quesadilla,Turrón,Mensual
532,Coca-Cola,Taco,Nuegado,Semanal
533,Pozol,Taco,Nuegado,Diario
534,Pozol,Taco,Turrón,Rara vez
535,Coca-Cola,Quesadilla,Nuegado,Diario
536,Coca-Cola,Gordita,Turrón,Rara vez
537,Coca-Cola,Empanada,Turrón,Rara vez
538,Coca-Cola,Quesadilla,Nuegado,Rara vez
539,Pozol,Taco,Turrón,Rara vez
540,Pozol,Taco,Nuegado,Rara vez
541,Coca-Cola,Empanada,Nuegado,Mensual
542,Coca-Cola,Gordita,Nuegado,Semanal
543,Pozol,Empanada,Nuegado,Mensual
544,Pozol,Quesadilla,Nuegado,Diario
545,Pozol,Empanada,Nuegado,Semanal
546,Pozol,Empanada,Turrón,Diario
547,Pozol,Quesadilla,Nuegado,Semanal
548,Coca-Cola,Quesadilla,Turrón,Diario
549,Coca-Cola,Empanada,Turrón,Diario
550,Coca-Cola,Gordita,Nuegado,Rara vez
551,Pozol,Quesadilla,Nuegado,Rara vez
552,Pozol,Taco,Turrón,Semanal
553,Pozol,Gordita,Nuegado,Diario
554,Pozol,Quesadilla,Turrón,Mensual
555,Pozol,Empanada,Turrón,Diario
556,Pozol,Taco,Turrón,Mensual
557,Pozol,Gordita,Nuegado,Semanal
558,Pozol,Quesadilla,Turrón,Rara vez
559,Coca-Cola,Taco,Turrón,Semanal
560,Coca-Cola,Gordita,Nuegado,Diario
561,Pozol,Taco,Turrón,Rara vez
562,Pozol,Quesadilla,Turrón,Mensual
563,Pozol,Taco,Nuegado,Rara vez
564,Coca-Cola,Quesadilla,Turrón,Semanal
565,Coca-Cola,Quesadilla,Nuegado,Rara vez
566,Pozol,Gordita,Turrón,Mensual
567,Pozol,Empanada,Nuegado,Mensual
568,Coca-Cola,Taco,Nuegado,Mensual
569,Coca-Cola,Empanada,Turrón,Diario
570,Pozol,Taco,Turrón,Diario
571,Pozol,Quesadilla,Nuegado,Mensual
572,Pozol,Quesadilla,Nuegado,Semanal
573,Coca-Cola,Gordita,Turrón,Rara vez
574,Coca-Cola,Empanada,Nuegado,Diario
575,Coca-Cola,Quesadilla,Turrón,Diario
576,Pozol,Empanada,Nuegado,Rara vez
577,Coca-Cola,Empanada,Nuegado,Rara vez
578,Coca-Cola,Quesadilla,Nuegado,Semanal
579,Coca-Cola,Gordita,Nuegado,Semanal
580,Pozol,Gordita,Nuegado,Diario
581,Coca-Cola,Empanada,Turrón,Semanal
582,Coca-Cola,Empanada,Nuegado,Mensual
583,Coca-Cola,Gordita,Nuegado,Semanal
584,Pozol,Gordita,Nuegado,Semanal
585,Coca-Cola,Empanada,Nuegado,Mensual
586,Coca-Cola,Quesadilla,Turrón,Rara vez
587,Coca-Cola,Quesadilla,Turrón,Mensual
588,Pozol,Quesadilla,Turrón,Mensual
589,Coca-Cola,Quesadilla,Turrón,Semanal
590,Coca-Cola,Gordita,Turrón,Diario
591,Pozol,Empanada,Turrón,Mensual
592,Pozol,Empanada,Nuegado,Diario
593,Coca-Cola,Quesadilla,Nuegado,Rara vez
594,Coca-Cola,Gordita,Nuegado,Mensual
595,Pozol,Quesadilla,Turrón,Semanal
596,Coca-Cola,Empanada,Turrón,Semanal
597,Coca-Cola,Taco,Nuegado,Diario
598,Pozol,Gordita,Turrón,Mensual
599,Pozol,Taco,Nuegado,Mensual
600,Pozol,Quesadilla,Turrón,Rara vez
601,Coca-Cola,Quesadilla,Turrón,Semanal
602,Coca-Cola,Taco,Nuegado,Diario
603,Pozol,Empanada,Turrón,Semanal
604,Coca-Cola,Taco,Turrón,Mensual
605,Pozol,Gordita,Nuegado,Rara vez
606,Coca-Cola,Taco,Nuegado,Diario
607,Coca-Cola,Taco,Nuegado,Rara vez
608,Pozol,Empanada,Turrón,Semanal
609,Pozol,Empanada,Turrón,Mensual
610,Pozol,Empanada,Nuegado,Diario
611,Pozol,Taco,Turrón,Mensual
612,Coca-Cola,Quesadilla,Turrón,Diario
613,Pozol,Gordita,Nuegado,Semanal
614,Pozol,Quesadilla,Turrón,Diario
615,Pozol,Quesadilla,Nuegado,Mensual
616,Pozol,Taco,Nuegado,Rara vez
617,Pozol,Gordita,Turrón,Rara vez
618,Coca-Cola,Empanada,Nuegado,Rara vez
619,Pozol,Gordita,Turrón,Rara vez
620,Coca-Cola,Quesadilla,Nuegado,Diario
621,Coca-Cola,Empanada,Nuegado,Diario
622,Coca-Cola,Gordita,Turrón,Semanal
623,Coca-Cola,Empanada,Nuegado,Mensual
624,Pozol,Empanada,Nuegado,Mensual
625,Pozol,Taco,Nuegado,Semanal
626,Pozol,Empanada,Turrón,Rara vez
627,Pozol,Gordita,Turrón,Semanal
628,Pozol,Taco,Nuegado,Semanal
629,Coca-Cola,Quesadilla,Turrón,Rara vez
630,Coca-Cola,Gordita,Nuegado,Rara vez
631,Coca-Cola,Empanada,Nuegado,Rara vez
632,Pozol,Taco,Turrón,Semanal
633,Coca-Cola,Taco,Nuegado,Semanal
634,Pozol,Empanada,Nuegado,Semanal
635,Pozol,Quesadilla,Nuegado,Diario
636,Pozol,Empanada,Turrón,Diario
637,Coca-Cola,Empanada,Nuegado,Diario
638,Pozol,Taco,Nuegado,Mensual
639,Pozol,Taco,Nuegado,Semanal
640,Coca-Cola,Taco,Nuegado,Mensual
641,Pozol,Gordita,Turrón,Diario
642,Coca-Cola,Gordita,Turrón,Semanal
643,Coca-Cola,Gordita,Nuegado,Mensual
644,Pozol,Taco,Turrón,Semanal
645,Pozol,Taco,Nuegado,Semanal
646,Coca-Cola,Quesadilla,Nuegado,Rara vez
647,Pozol,Empanada,Nuegado,Rara vez
648,Pozol,Empanada,Turrón,Mensual
649,Pozol,Quesadilla,Nuegado,Mensual
650,Coca-Cola,Quesadilla,Nuegado,Mensual
651,Coca-Cola,Quesadilla,Nuegado,Semanal
652,Pozol,Empanada,Nuegado,Rara vez
653,Pozol,Quesadilla,Turrón,Diario
654,Coca-Cola,Empanada,Nuegado,Semanal
655,Pozol,Empanada,Nuegado,Rara vez
656,Coca-Cola,Empanada,Turrón,Rara vez
657,Pozol,Empanada,Turrón,Rara vez
658,Pozol,Quesadilla,Nuegado,Mensual
659,Pozol,Taco,Turrón,Rara vez
660,Coca-Cola,Quesadilla,Turrón,Semanal
661,Coca-Cola,Taco,Nuegado,Mensual
662,Pozol,Gordita,Turrón,Semanal
663,Pozol,Quesadilla,Turrón,Rara vez
664,Pozol,Empanada,Nuegado,Diario
665,Coca-Cola,Gordita,Nuegado,Semanal
666,Pozol,Empanada,Turrón,Semanal
667,Pozol,Empanada,Nuegado,Diario
668,Coca-Cola,Gordita,Nuegado,Semanal
669,Coca-Cola,Quesadilla,Turrón,Rara vez
670,Coca-Cola,Taco,Turrón,Mensual
671,Coca-Cola,Quesadilla,Turrón,Diario
672,Coca-Cola,Quesadilla,Turrón,Mensual
673,Pozol,Empanada,Nuegado,Rara vez
674,Coca-Cola,Taco,Turrón,Mensual
675,Pozol,Quesadilla,Turrón,Diario
676,Coca-Cola,Quesadilla,Turrón,Rara vez
677,Pozol,Quesadilla,Turrón,Diario
678,Pozol,Quesadilla,Nuegado,Semanal
679,Pozol,Empanada,Nuegado,Semanal
680,Coca-Cola,Gordita,Turrón,Rara vez
681,Pozol,Empanada,Turrón,Semanal
682,Coca-Cola,Taco,Nuegado,Diario
683,Pozol,Taco,Nuegado,Diario
684,Coca-Cola,Quesadilla,Nuegado,Mensual
685,Coca-Cola,Quesadilla,Turrón,Rara vez
686,Coca-Cola,Taco,Nuegado,Semanal
687,Pozol,Quesadilla,Turrón,Rara vez
688,Coca-Cola,Gordita,Nuegado,Mensual
689,Coca-Cola,Taco,Turrón,Semanal
690,Coca-Cola,Quesadilla,Turrón,Mensual
691,Coca-Cola,Empanada,Nuegado,Semanal
692,Pozol,Gordita,Turrón,Rara vez
693,Coca-Cola,Empanada,Turrón,Rara vez
694,Coca-Cola,Quesadilla,Turrón,Semanal
695,Pozol,Quesadilla,Turrón,Semanal
696,Pozol,Gordita,Nuegado,Semanal
697,Coca-Cola,Quesadilla,Turrón,Mensual
698,Pozol,Quesadilla,Nuegado,Diario
699,Pozol,Quesadilla,Nuegado,Rara vez
700,Pozol,Gordita,Turrón,Semanal
701,Pozol,Taco,Nuegado,Rara vez
702,Pozol,Quesadilla,Nuegado,Rara vez
703,Pozol,Gordita,Nuegado,Rara vez
704,Pozol,Taco,Nuegado,Mensual
705,Pozol,Quesadilla,Nuegado,Semanal
706,Coca-Cola,Quesadilla,Nuegado,Rara vez
707,Coca-Cola,Taco,Nuegado,Diario
708,Coca-Cola,Gordita,Turrón,Diario
709,Pozol,Empanada,Nuegado,Mensual
710,Coca-Cola,Taco,Turrón,Semanal
711,Coca-Cola,Taco,Turrón,Mensual
712,Coca-Cola,Empanada,Turrón,Semanal
713,Coca-Cola,Empanada,Nuegado,Diario
714,Coca-Cola,Taco,Turrón,Mensual
715,Coca-Cola,Quesadilla,Turrón,Diario
716,Pozol,Empanada,Turrón,Mensual
717,Coca-Cola,Quesadilla,Nuegado,Rara vez
718,Pozol,Quesadilla,Nuegado,Mensual
719,Coca-Cola,Empanada,Nuegado,Diario
720,Coca-Cola,Quesadilla,Turrón,Semanal
721,Pozol,Quesadilla,Nuegado,Diario
722,Pozol,Taco,Turrón,Mensual
723,Pozol,Gordita,Nuegado,Mensual
724,Coca-Cola,Empanada,Turrón,Semanal
725,Coca-Cola,Taco,Nuegado,Mensual
726,Pozol,Quesadilla,Nuegado,Mensual
727,Coca-Cola,Quesadilla,Turrón,Diario
728,Coca-Cola,Quesadilla,Turrón,Mensual
729,Coca-Cola,Empanada,Turrón,Rara vez
730,Pozol,Taco,Turrón,Diario
731,Pozol,Taco,Turrón,Diario
732,Coca-Cola,Gordita,Nuegado,Rara vez
733,Pozol,Gordita,Turrón,Diario
734,Coca-Cola,Quesadilla,Turrón,Diario
735,Pozol,Empanada,Nuegado,Semanal
736,Coca-Cola,Empanada,Nuegado,Semanal
737,Coca-Cola,Taco,Turrón,Mensual
738,Coca-Cola,Empanada,Turrón,Semanal
739,Coca-Cola,Taco,Turrón,Mensual
740,Pozol,Gordita,Nuegado,Semanal
741,Pozol,Empanada,Turrón,Diario
742,Pozol,Taco,Nuegado,Rara vez
743,Coca-Cola,Taco,Turrón,Semanal
744,Pozol,Quesadilla,Nuegado,Rara vez
745,Coca-Cola,Empanada,Nuegado,Mensual
746,Pozol,Gordita,Turrón,Rara vez
747,Pozol,Quesadilla,Turrón,Diario
748,Pozol,Empanada,Nuegado,Rara vez
749,Pozol,Gordita,Turrón,Mensual
750,Pozol,Empanada,Nuegado,Semanal
751,Pozol,Gordita,Nuegado,Rara vez
752,Pozol,Quesadilla,Nuegado,Mensual
753,Pozol,Empanada,Nuegado,Diario
754,Coca-Cola,Quesadilla,Turrón,Diario
755,Pozol,Empanada,Turrón,Diario
756,Coca-Cola,Empanada,Turrón,Diario
757,Coca-Cola,Taco,Turrón,Semanal
758,Coca-Cola,Quesadilla,Turrón,Semanal
759,Coca-Cola,Empanada,Nuegado,Semanal
760,Coca-Cola,Gordita,Nuegado,Semanal
761,Coca-Cola,Gordita,Nuegado,Diario
762,Pozol,Taco,Turrón,Semanal
763,Pozol,Taco,Turrón,Mensual
764,Pozol,Taco,Nuegado,Rara vez
765,Pozol,Taco,Turrón,Semanal
766,Pozol,Quesadilla,Nuegado,Diario
767,Pozol,Quesadilla,Nuegado,Diario
768,Pozol,Gordita,Nuegado,Rara vez
769,Pozol,Quesadilla,Nuegado,Diario
770,Coca-Cola,Quesadilla,Nuegado,Mensual
771,Pozol,Taco,Turrón,Mensual
772,Pozol,Gordita,Nuegado,Diario
773,Coca-Cola,Quesadilla,Turrón,Mensual
774,Pozol,Quesadilla,Turrón,Semanal
775,Pozol,Gordita,Nuegado,Diario
776,Pozol,Quesadilla,Turrón,Semanal
777,Coca-Cola,Quesadilla,Nuegado,Diario
778,Coca-Cola,Quesadilla,Nuegado,Semanal
779,Pozol,Empanada,Turrón,Rara vez
780,Coca-Cola,Gordita,Turrón,Diario
781,Coca-Cola,Gordita,Turrón,Mensual
782,Pozol,Quesadilla,Turrón,Mensual
783,Coca-Cola,Gordita,Nuegado,Diario
784,Coca-Cola,Gordita,Turrón,Rara vez
785,Pozol,Taco,Turrón,Rara vez
786,Coca-Cola,Empanada,Turrón,Rara vez
787,Coca-Cola,Empanada,Nuegado,Rara vez
788,Pozol,Gordita,Turrón,Rara vez
789,Pozol,Gordita,Nuegado,Semanal
790,Coca-Cola,Taco,Nuegado,Rara vez
791,Coca-Cola,Quesadilla,Nuegado,Diario
792,Coca-Cola,Quesadilla,Turrón,Rara vez
793,Coca-Cola,Taco,Turrón,Rara vez
794,Pozol,Empanada,Turrón,Mensual
795,Coca-Cola,Gordita,Turrón,Diario
796,Pozol,Taco,Turrón,Mensual
797,Coca-Cola,Quesadilla,Nuegado,Diario
798,Coca-Cola,Gordita,Nuegado,Diario
799,Pozol,Quesadilla,Nuegado,Mensual
800,Coca-Cola,Gordita,Turrón,Semanal
801,Pozol,Quesadilla,Nuegado,Rara vez
802,Pozol,Taco,Turrón,Rara vez
803,Coca-Cola,Taco,Nuegado,Semanal
804,Coca-Cola,Gordita,Nuegado,Mensual
805,Pozol,Taco,Nuegado,Rara vez
806,Coca-Cola,Quesadilla,Turrón,Semanal
807,Pozol,Gordita,Nuegado,Rara vez
808,Pozol,Empanada,Turrón,Mensual
809,Pozol,Empanada,Turrón,Rara vez
810,Coca-Cola,Quesadilla,Turrón,Semanal
811,Coca-Cola,Empanada,Turrón,Semanal
812,Coca-Cola,Quesadilla,Nuegado,Diario
813,Coca-Cola,Gordita,Turrón,Mensual
814,Coca-Cola,Taco,Turrón,Semanal
815,Pozol,Gordita,Turrón,Rara vez
816,Coca-Cola,Taco,Nuegado,Mensual
817,Pozol,Gordita,Nuegado,Diario
818,Pozol,Taco,Nuegado,Mensual
819,Pozol,Quesadilla,Nuegado,Rara vez
820,Pozol,Empanada,Turrón,Rara vez
821,Pozol,Taco,Nuegado,Diario
822,Pozol,Gordita,Nuegado,Mensual
823,Coca-Cola,Empanada,Nuegado,Rara vez
824,Coca-Cola,Taco,Turrón,Rara vez
825,Pozol,Empanada,Turrón,Diario
826,Coca-Cola,Empanada,Turrón,Mensual
827,Pozol,Taco,Turrón,Mensual
828,Pozol,Quesadilla,Nuegado,Diario
829,Pozol,Quesadilla,Turrón,Mensual
830,Pozol,Taco,Turrón,Mensual
831,Pozol,Empanada,Turrón,Semanal
832,Coca-Cola,Quesadilla,Nuegado,Diario
833,Coca-Cola,Taco,Nuegado,Mensual
834,Coca-Cola,Gordita,Nuegado,Diario
835,Pozol,Quesadilla,Nuegado,Rara vez
836,Coca-Cola,Empanada,Turrón,Diario
837,Coca-Cola,Empanada,Nuegado,Rara vez
838,Coca-Cola,Empanada,Turrón,Mensual
839,Pozol,Empanada,Turrón,Semanal
840,Coca-Cola,Taco,Turrón,Semanal
841,Pozol,Empanada,Turrón,Semanal
842,Coca-Cola,Quesadilla,Turrón,Semanal
843,Coca-Cola,Taco,Nuegado,Diario
844,Coca-Cola,Quesadilla,Turrón,Diario
845,Coca-Cola,Quesadilla,Nuegado,Rara vez
846,Pozol,Gordita,Turrón,Diario
847,Coca-Cola,Quesadilla,Nuegado,Diario
848,Coca-Cola,Quesadilla,Turrón,Mensual
849,Pozol,Empanada,Turrón,Diario
850,Coca-Cola,Empanada,Turrón,Rara vez
851,Pozol,Empanada,Nuegado,Rara vez
852,Coca-Cola,Quesadilla,Nuegado,Rara vez
853,Pozol,Gordita,Nuegado,Rara vez
854,Coca-Cola,Empanada,Turrón,Rara vez
855,Pozol,Empanada,Nuegado,Rara vez
856,Pozol,Empanada,Turrón,Semanal
857,Coca-Cola,Empanada,Turrón,Diario
858,Coca-Cola,Gordita,Nuegado,Diario
859,Coca-Cola,Quesadilla,Nuegado,Semanal
860,Pozol,Taco,Turrón,Mensual
861,Pozol,Taco,Nuegado,Diario
862,Coca-Cola,Empanada,Turrón,Diario
863,Pozol,Quesadilla,Nuegado,Mensual
864,Coca-Cola,Taco,Turrón,Rara vez
865,Coca-Cola,Quesadilla,Turrón,Mensual
866,Pozol,Gordita,Nuegado,Mensual
867,Coca-Cola,Empanada,Turrón,Semanal
868,Pozol,Quesadilla,Nuegado,Semanal
869,Pozol,Quesadilla,Nuegado,Rara vez
870,Pozol,Empanada,Turrón,Rara vez
871,Coca-Cola,Quesadilla,Nuegado,Rara vez
872,Pozol,Gordita,Nuegado,Semanal
873,Coca-Cola,Taco,Turrón,Mensual
874,Pozol,Gordita,Nuegado,Semanal
875,Pozol,Empanada,Nuegado,Mensual
876,Coca-Cola,Quesadilla,Turrón,Semanal
877,Coca-Cola,Empanada,Turrón,Diario
878,Coca-Cola,Gordita,Nuegado,Diario
879,Pozol,Quesadilla,Turrón,Mensual
880,Pozol,Taco,Nuegado,Semanal
881,Pozol,Taco,Nuegado,Semanal
882,Coca-Cola,Gordita,Nuegado,Semanal
883,Pozol,Quesadilla,Nuegado,Diario
884,Pozol,Taco,Turrón,Semanal
885,Pozol,Taco,Turrón,Mensual
886,Pozol,Quesadilla,Turrón,Semanal
887,Coca-Cola,Taco,Turrón,Mensual
888,Pozol,Empanada,Nuegado,Rara vez
889,Coca-Cola,Gordita,Nuegado,Rara vez
890,Coca-Cola,Empanada,Turrón,Diario
891,Coca-Cola,Gordita,Turrón,Semanal
892,Pozol,Gordita,Turrón,Semanal
893,Coca-Cola,Quesadilla,Turrón,Diario
894,Coca-Cola,Gordita,Turrón,Rara vez
895,Pozol,Quesadilla,Turrón,Semanal
896,Coca-Cola,Taco,Nuegado,Semanal
897,Pozol,Empanada,Nuegado,Diario
898,Coca-Cola,Empanada,Nuegado,Semanal
899,Pozol,Taco,Nuegado,Mensual
900,Coca-Cola,Quesadilla,Nuegado,Diario
901,Pozol,Gordita,Nuegado,Semanal
902,Coca-Cola,Gordita,Turrón,Semanal
903,Coca-Cola,Quesadilla,Nuegado,Mensual
904,Coca-Cola,Quesadilla,Nuegado,Diario
905,Pozol,Gordita,Turrón,Mensual
906,Pozol,Empanada,Turrón,Mensual
907,Pozol,Quesadilla,Nuegado,Diario
908,Pozol,Taco,Turrón,Mensual
909,Pozol,Gordita,Nuegado,Rara vez
910,Pozol,Empanada,Nuegado,Mensual
911,Pozol,Quesadilla,Turrón,Mensual
912,Coca-Cola,Quesadilla,Turrón,Rara vez
913,Coca-Cola,Empanada,Turrón,Rara vez
914,Coca-Cola,Quesadilla,Turrón,Semanal
915,Coca-Cola,Taco,Turrón,Rara vez
916,Coca-Cola,Gordita,Turrón,Semanal
917,Pozol,Empanada,Nuegado,Diario
918,Pozol,Taco,Turrón,Mensual
919,Coca-Cola,Gordita,Turrón,Semanal
920,Coca-Cola,Quesadilla,Nuegado,Semanal
921,Pozol,Empanada,Turrón,Rara vez
922,Coca-Cola,Quesadilla,Turrón,Diario
923,Pozol,Empanada,Nuegado,Semanal
924,Pozol,Quesadilla,Turrón,Semanal
925,Coca-Cola,Gordita,Turrón,Diario
926,Pozol,Quesadilla,Turrón,Rara vez
927,Pozol,Gordita,Turrón,Rara vez
928,Pozol,Quesadilla,Turrón,Diario
929,Coca-Cola,Empanada,Nuegado,Rara vez
930,Coca-Cola,Taco,Nuegado,Diario
931,Pozol,Quesadilla,Turrón,Diario
932,Coca-Cola,Taco,Turrón,Mensual
933,Coca-Cola,Quesadilla,Nuegado,Diario
934,Coca-Cola,Empanada,Turrón,Semanal
935,Coca-Cola,Taco,Nuegado,Mensual
936,Pozol,Gordita,Turrón,Mensual
937,Pozol,Empanada,Nuegado,Semanal
938,Coca-Cola,Empanada,Turrón,Mensual
939,Pozol,Taco,Turrón,Rara vez
940,Coca-Cola,Gordita,Turrón,Rara vez
941,Coca-Cola,Quesadilla,Nuegado,Mensual
942,Pozol,Empanada,Turrón,Rara vez
943,Coca-Cola,Gordita,Turrón,Rara vez
944,Coca-Cola,Empanada,Nuegado,Rara vez
945,Coca-Cola,Quesadilla,Nuegado,Rara vez
946,Pozol,Gordita,Nuegado,Semanal
947,Pozol,Empanada,Nuegado,Semanal
948,Pozol,Taco,Nuegado,Diario
949,Pozol,Empanada,Nuegado,Mensual
950,Pozol,Empanada,Turrón,Semanal
951,Coca-Cola,Gordita,Turrón,Diario
952,Pozol,Gordita,Nuegado,Semanal
953,Coca-Cola,Gordita,Nuegado,Diario
954,Coca-Cola,Taco,Nuegado,Semanal
955,Pozol,Quesadilla,Turrón,Rara vez
956,Pozol,Taco,Turrón,Semanal
957,Pozol,Empanada,Turrón,Diario
958,Pozol,Empanada,Turrón,Semanal
959,Coca-Cola,Taco,Turrón,Diario
960,Pozol,Gordita,Turrón,Rara vez
961,Pozol,Gordita,Turrón,Semanal
962,Pozol,Gordita,Turrón,Rara vez
963,Coca-Cola,Empanada,Nuegado,Rara vez
964,Pozol,Quesadilla,Turrón,Semanal
965,Pozol,Empanada,Nuegado,Diario
966,Coca-Cola,Quesadilla,Turrón,Rara vez
967,Coca-Cola,Quesadilla,Nuegado,Semanal
968,Pozol,Empanada,Nuegado,Mensual
969,Pozol,Taco,Turrón,Mensual
970,Coca-Cola,Quesadilla,Turrón,Rara vez
971,Coca-Cola,Gordita,Nuegado,Mensual
972,Coca-Cola,Gordita,Nuegado,Semanal
973,Pozol,Empanada,Turrón,Semanal
974,Coca-Cola,Empanada,Turrón,Mensual
975,Pozol,Empanada,Turrón,Mensual
976,Pozol,Gordita,Nuegado,Rara vez
977,Pozol,Empanada,Nuegado,Mensual
978,Pozol,Gordita,Turrón,Semanal
979,Pozol,Taco,Turrón,Mensual
980,Pozol,Empanada,Nuegado,Rara vez
981,Coca-Cola,Taco,Turrón,Mensual
982,Pozol,Quesadilla,Nuegado,Diario
983,Pozol,Empanada,Turrón,Semanal
984,Coca-Cola,Quesadilla,Nuegado,Mensual
985,Pozol,Gordita,Nuegado,Mensual
986,Coca-Cola,Gordita,Turrón,Semanal
987,Pozol,Empanada,Nuegado,Mensual
988,Coca-Cola,Quesadilla,Turrón,Semanal
989,Coca-Cola,Taco,Nuegado,Diario
990,Coca-Cola,Quesadilla,Turrón,Rara vez
991,Pozol,Empanada,Nuegado,Rara vez
992,Coca-Cola,Gordita,Nuegado,Mensual
993,Pozol,Empanada,Turrón,Rara vez
994,Coca-Cola,Gordita,Nuegado,Diario
995,Pozol,Taco,Turrón,Mensual
996,Coca-Cola,Taco,Turrón,Diario
997,Pozol,Taco,Turrón,Rara vez
998,Pozol,Taco,Turrón,Diario
999,Pozol,Gordita,Turrón,Semanal
1000,Coca-Cola,Empanada,Nuegado,Rara vez
